2022-02-28 03:44:52.390780 : Step: 37/370000, accuracy: 0.387105, cls loss: 4.002738, bbox loss: 2074.474516,Landmark loss :3825.800333,L2 loss: 4.984242, Total Loss: 4872.024570 ,lr:0.000010 
2022-02-28 03:44:53.599252 : Step: 74/370000, accuracy: 0.794887, cls loss: 1.070966, bbox loss: 317.384018,Landmark loss :576.656304,L2 loss: 4.982667, Total Loss: 741.401946 ,lr:0.000010 
2022-02-28 03:44:54.785411 : Step: 111/370000, accuracy: 0.895724, cls loss: 0.453106, bbox loss: 150.497333,Landmark loss :273.518665,L2 loss: 4.965842, Total Loss: 354.186280 ,lr:0.000010 
2022-02-28 03:44:55.949363 : Step: 148/370000, accuracy: 0.951554, cls loss: 0.205671, bbox loss: 129.979001,Landmark loss :229.107749,L2 loss: 4.957610, Total Loss: 299.260529 ,lr:0.000010 
2022-02-28 03:44:57.123372 : Step: 185/370000, accuracy: 0.975249, cls loss: 0.124298, bbox loss: 125.698674,Landmark loss :207.704801,L2 loss: 4.953689, Total Loss: 275.632125 ,lr:0.000010 
2022-02-28 03:44:58.303421 : Step: 222/370000, accuracy: 0.974947, cls loss: 0.094460, bbox loss: 114.216624,Landmark loss :196.173042,L2 loss: 4.951237, Total Loss: 258.327052 ,lr:0.000010 
2022-02-28 03:44:59.489364 : Step: 259/370000, accuracy: 0.991290, cls loss: 0.039105, bbox loss: 106.233745,Landmark loss :194.567024,L2 loss: 4.949981, Total Loss: 252.672981 ,lr:0.000010 
2022-02-28 03:45:00.665768 : Step: 296/370000, accuracy: 0.990574, cls loss: 0.036914, bbox loss: 104.971864,Landmark loss :183.713685,L2 loss: 4.949033, Total Loss: 241.185565 ,lr:0.000010 
2022-02-28 03:45:01.850473 : Step: 333/370000, accuracy: 0.986951, cls loss: 0.046073, bbox loss: 92.992275,Landmark loss :168.921074,L2 loss: 4.949262, Total Loss: 220.412547 ,lr:0.000010 
2022-02-28 03:45:09.803479 : Step: 592/370000, accuracy: 0.994044, cls loss: 0.025731, bbox loss: 89.515886,Landmark loss :160.759147,L2 loss: 4.946118, Total Loss: 210.488939 ,lr:0.000010 
2022-02-28 03:45:13.220841 : Step: 703/370000, accuracy: 0.993805, cls loss: 0.021758, bbox loss: 87.993765,Landmark loss :155.516048,L2 loss: 4.944218, Total Loss: 204.478907 ,lr:0.000010 
2022-02-28 03:45:15.533165 : Step: 777/370000, accuracy: 0.995013, cls loss: 0.023613, bbox loss: 86.173704,Landmark loss :156.340182,L2 loss: 4.945615, Total Loss: 204.396261 ,lr:0.000010 
2022-02-28 03:45:22.262920 : Step: 999/370000, accuracy: 0.998388, cls loss: 0.008867, bbox loss: 78.849171,Landmark loss :155.990289,L2 loss: 4.946104, Total Loss: 200.369845 ,lr:0.000010 
2022-02-28 03:45:23.473779 : Step: 1036/370000, accuracy: 0.999270, cls loss: 0.007987, bbox loss: 81.320563,Landmark loss :152.502169,L2 loss: 4.946108, Total Loss: 198.116546 ,lr:0.000010 
2022-02-28 03:45:31.853980 : Step: 1295/370000, accuracy: 0.999249, cls loss: 0.005443, bbox loss: 80.868832,Landmark loss :149.859865,L2 loss: 4.944689, Total Loss: 195.244413 ,lr:0.000010 
2022-02-28 03:45:40.850556 : Step: 1591/370000, accuracy: 0.998255, cls loss: 0.007458, bbox loss: 77.962813,Landmark loss :149.814629,L2 loss: 4.940381, Total Loss: 193.743875 ,lr:0.000010 
2022-02-28 03:45:45.434111 : Step: 1739/370000, accuracy: 0.998517, cls loss: 0.007855, bbox loss: 76.312184,Landmark loss :150.405889,L2 loss: 4.938599, Total Loss: 193.508434 ,lr:0.000010 
2022-02-28 03:45:47.704889 : Step: 1813/370000, accuracy: 0.997605, cls loss: 0.007510, bbox loss: 75.867797,Landmark loss :148.883700,L2 loss: 4.937794, Total Loss: 191.762903 ,lr:0.000010 
2022-02-28 03:45:48.879048 : Step: 1850/370000, accuracy: 0.998919, cls loss: 0.006651, bbox loss: 77.251966,Landmark loss :145.013505,L2 loss: 4.937272, Total Loss: 188.583411 ,lr:0.000010 
2022-02-28 03:46:13.426255 : Step: 2664/370000, accuracy: 1.000000, cls loss: 0.003118, bbox loss: 74.510564,Landmark loss :146.048794,L2 loss: 4.929930, Total Loss: 188.237124 ,lr:0.000010 
2022-02-28 03:46:16.944140 : Step: 2775/370000, accuracy: 1.000000, cls loss: 0.003404, bbox loss: 71.731359,Landmark loss :145.485198,L2 loss: 4.927341, Total Loss: 186.281622 ,lr:0.000010 
2022-02-28 03:46:22.565570 : Step: 2960/370000, accuracy: 1.000000, cls loss: 0.002512, bbox loss: 74.556082,Landmark loss :140.893328,L2 loss: 4.922598, Total Loss: 183.096480 ,lr:0.000010 
2022-02-28 03:46:39.440669 : Step: 3515/370000, accuracy: 1.000000, cls loss: 0.002062, bbox loss: 72.299710,Landmark loss :141.457644,L2 loss: 4.916716, Total Loss: 182.526277 ,lr:0.000010 
2022-02-28 03:46:41.770210 : Step: 3589/370000, accuracy: 0.998333, cls loss: 0.008351, bbox loss: 70.829858,Landmark loss :141.524230,L2 loss: 4.914687, Total Loss: 181.862196 ,lr:0.000010 
2022-02-28 03:47:21.182328 : Step: 4847/370000, accuracy: 0.999228, cls loss: 0.002728, bbox loss: 72.765940,Landmark loss :140.373291,L2 loss: 4.893262, Total Loss: 181.652251 ,lr:0.000010 
2022-02-28 03:47:40.158305 : Step: 5476/370000, accuracy: 0.999205, cls loss: 0.004495, bbox loss: 72.201613,Landmark loss :137.792810,L2 loss: 4.879839, Total Loss: 178.777951 ,lr:0.000010 
2022-02-28 03:47:45.849146 : Step: 5661/370000, accuracy: 1.000000, cls loss: 0.000950, bbox loss: 73.570224,Landmark loss :135.973707,L2 loss: 4.876363, Total Loss: 177.636132 ,lr:0.000010 
2022-02-28 03:48:17.797982 : Step: 6512/370000, accuracy: 1.000000, cls loss: 0.003395, bbox loss: 69.780003,Landmark loss :135.849172,L2 loss: 4.865284, Total Loss: 175.607852 ,lr:0.000010 
2022-02-28 03:48:28.637887 : Step: 6771/370000, accuracy: 1.000000, cls loss: 0.002387, bbox loss: 67.379551,Landmark loss :132.291981,L2 loss: 4.861362, Total Loss: 170.845506 ,lr:0.000010 
2022-02-28 03:48:43.307786 : Step: 7252/370000, accuracy: 1.000000, cls loss: 0.001098, bbox loss: 65.736479,Landmark loss :131.381719,L2 loss: 4.870566, Total Loss: 169.121623 ,lr:0.000010 
2022-02-28 03:48:45.605307 : Step: 7326/370000, accuracy: 1.000000, cls loss: 0.001181, bbox loss: 65.357875,Landmark loss :131.263058,L2 loss: 4.874753, Total Loss: 168.817930 ,lr:0.000010 
2022-02-28 03:48:49.043452 : Step: 7437/370000, accuracy: 1.000000, cls loss: 0.001639, bbox loss: 65.809333,Landmark loss :126.761517,L2 loss: 4.884933, Total Loss: 164.552756 ,lr:0.000010 
2022-02-28 03:48:50.231183 : Step: 7474/370000, accuracy: 1.000000, cls loss: 0.000572, bbox loss: 64.959100,Landmark loss :125.344247,L2 loss: 4.886614, Total Loss: 162.710983 ,lr:0.000010 
2022-02-28 03:48:52.556119 : Step: 7548/370000, accuracy: 1.000000, cls loss: 0.002075, bbox loss: 65.524356,Landmark loss :123.544102,L2 loss: 4.890749, Total Loss: 161.199103 ,lr:0.000010 
2022-02-28 03:48:53.747235 : Step: 7585/370000, accuracy: 1.000000, cls loss: 0.000823, bbox loss: 64.843256,Landmark loss :119.783868,L2 loss: 4.892911, Total Loss: 157.099230 ,lr:0.000010 
2022-02-28 03:49:01.583756 : Step: 7844/370000, accuracy: 1.000000, cls loss: 0.002132, bbox loss: 60.608611,Landmark loss :121.036811,L2 loss: 4.903288, Total Loss: 156.246537 ,lr:0.000010 
2022-02-28 03:49:03.879716 : Step: 7918/370000, accuracy: 1.000000, cls loss: 0.001621, bbox loss: 58.628950,Landmark loss :116.994094,L2 loss: 4.905407, Total Loss: 151.215596 ,lr:0.000010 
2022-02-28 03:49:06.168654 : Step: 7992/370000, accuracy: 1.000000, cls loss: 0.000799, bbox loss: 61.632708,Landmark loss :114.622639,L2 loss: 4.906499, Total Loss: 150.346291 ,lr:0.000010 
2022-02-28 03:49:17.320564 : Step: 8362/370000, accuracy: 0.998398, cls loss: 0.005547, bbox loss: 62.433269,Landmark loss :111.844092,L2 loss: 4.908526, Total Loss: 147.974800 ,lr:0.000010 
2022-02-28 03:49:24.118636 : Step: 8584/370000, accuracy: 1.000000, cls loss: 0.001042, bbox loss: 56.546585,Landmark loss :114.682282,L2 loss: 4.908104, Total Loss: 147.864722 ,lr:0.000010 
2022-02-28 03:49:34.218152 : Step: 8917/370000, accuracy: 1.000000, cls loss: 0.001942, bbox loss: 57.939555,Landmark loss :113.712176,L2 loss: 4.909211, Total Loss: 147.593107 ,lr:0.000010 
2022-02-28 03:49:35.412179 : Step: 8954/370000, accuracy: 0.999128, cls loss: 0.003091, bbox loss: 60.575302,Landmark loss :111.702510,L2 loss: 4.909033, Total Loss: 146.902285 ,lr:0.000010 
2022-02-28 03:49:38.823684 : Step: 9065/370000, accuracy: 1.000000, cls loss: 0.001856, bbox loss: 57.502170,Landmark loss :111.042517,L2 loss: 4.907397, Total Loss: 144.702855 ,lr:0.000010 
2022-02-28 03:49:44.496713 : Step: 9250/370000, accuracy: 1.000000, cls loss: 0.001563, bbox loss: 58.380358,Landmark loss :109.135439,L2 loss: 4.904830, Total Loss: 143.232011 ,lr:0.000010 
2022-02-28 03:49:52.313302 : Step: 9509/370000, accuracy: 1.000000, cls loss: 0.001531, bbox loss: 57.887046,Landmark loss :109.376667,L2 loss: 4.905525, Total Loss: 143.227246 ,lr:0.000010 
2022-02-28 03:49:54.650603 : Step: 9583/370000, accuracy: 0.999205, cls loss: 0.003473, bbox loss: 56.245339,Landmark loss :107.724342,L2 loss: 4.904785, Total Loss: 140.755270 ,lr:0.000010 
2022-02-28 03:50:03.607867 : Step: 9879/370000, accuracy: 1.000000, cls loss: 0.002539, bbox loss: 56.415029,Landmark loss :107.220238,L2 loss: 4.904724, Total Loss: 140.335015 ,lr:0.000010 
2022-02-28 03:50:10.363046 : Step: 10101/370000, accuracy: 1.000000, cls loss: 0.001662, bbox loss: 56.984235,Landmark loss :104.292746,L2 loss: 4.902727, Total Loss: 137.689253 ,lr:0.000010 
2022-02-28 03:50:12.683523 : Step: 10175/370000, accuracy: 1.000000, cls loss: 0.001564, bbox loss: 56.242811,Landmark loss :100.714543,L2 loss: 4.902709, Total Loss: 133.740221 ,lr:0.000010 
2022-02-28 03:50:34.044371 : Step: 10878/370000, accuracy: 1.000000, cls loss: 0.001216, bbox loss: 52.402891,Landmark loss :99.559983,L2 loss: 4.902628, Total Loss: 130.665272 ,lr:0.000010 
2022-02-28 03:50:45.329177 : Step: 11248/370000, accuracy: 0.999205, cls loss: 0.002652, bbox loss: 52.028787,Landmark loss :99.723571,L2 loss: 4.902490, Total Loss: 130.643106 ,lr:0.000010 
2022-02-28 03:50:52.113239 : Step: 11470/370000, accuracy: 1.000000, cls loss: 0.001704, bbox loss: 51.304550,Landmark loss :99.791093,L2 loss: 4.900768, Total Loss: 130.345840 ,lr:0.000010 
2022-02-28 03:51:09.049086 : Step: 12025/370000, accuracy: 1.000000, cls loss: 0.002236, bbox loss: 53.726318,Landmark loss :94.236265,L2 loss: 4.900301, Total Loss: 126.001961 ,lr:0.000010 
2022-02-28 03:51:15.898361 : Step: 12247/370000, accuracy: 1.000000, cls loss: 0.002760, bbox loss: 51.027536,Landmark loss :94.238762,L2 loss: 4.900304, Total Loss: 124.655594 ,lr:0.000010 
2022-02-28 03:51:21.554401 : Step: 12432/370000, accuracy: 0.999307, cls loss: 0.004076, bbox loss: 48.725815,Landmark loss :92.628734,L2 loss: 4.901125, Total Loss: 121.896842 ,lr:0.000010 
2022-02-28 03:51:48.633591 : Step: 13320/370000, accuracy: 1.000000, cls loss: 0.000391, bbox loss: 47.874701,Landmark loss :91.486574,L2 loss: 4.902416, Total Loss: 120.326731 ,lr:0.000010 
2022-02-28 03:51:54.378379 : Step: 13505/370000, accuracy: 1.000000, cls loss: 0.000707, bbox loss: 49.933218,Landmark loss :87.449196,L2 loss: 4.901410, Total Loss: 117.317922 ,lr:0.000010 
2022-02-28 03:52:00.090075 : Step: 13690/370000, accuracy: 1.000000, cls loss: 0.000596, bbox loss: 48.102211,Landmark loss :87.930574,L2 loss: 4.899334, Total Loss: 116.881610 ,lr:0.000010 
2022-02-28 03:52:37.181175 : Step: 14911/370000, accuracy: 1.000000, cls loss: 0.001552, bbox loss: 45.546992,Landmark loss :86.997986,L2 loss: 4.894114, Total Loss: 114.667149 ,lr:0.000010 
2022-02-28 03:52:41.719785 : Step: 15059/370000, accuracy: 1.000000, cls loss: 0.001323, bbox loss: 46.522664,Landmark loss :83.756078,L2 loss: 4.892014, Total Loss: 111.910747 ,lr:0.000010 
2022-02-28 03:52:51.865634 : Step: 15392/370000, accuracy: 1.000000, cls loss: 0.001145, bbox loss: 46.542532,Landmark loss :83.082089,L2 loss: 4.887807, Total Loss: 111.242307 ,lr:0.000010 
2022-02-28 03:53:06.427551 : Step: 15873/370000, accuracy: 1.000000, cls loss: 0.000615, bbox loss: 44.654017,Landmark loss :82.838444,L2 loss: 4.887136, Total Loss: 110.053204 ,lr:0.000010 
2022-02-28 03:53:44.502574 : Step: 17131/370000, accuracy: 1.000000, cls loss: 0.000490, bbox loss: 43.200188,Landmark loss :80.169188,L2 loss: 4.868438, Total Loss: 106.638210 ,lr:0.000010 
2022-02-28 03:54:04.708607 : Step: 17797/370000, accuracy: 1.000000, cls loss: 0.000926, bbox loss: 40.040140,Landmark loss :80.800613,L2 loss: 4.864553, Total Loss: 105.686163 ,lr:0.000010 
2022-02-28 03:54:09.235847 : Step: 17945/370000, accuracy: 0.999155, cls loss: 0.001651, bbox loss: 42.592719,Landmark loss :79.489249,L2 loss: 4.862369, Total Loss: 105.649628 ,lr:0.000010 
2022-02-28 03:54:35.913124 : Step: 18833/370000, accuracy: 1.000000, cls loss: 0.000546, bbox loss: 42.099149,Landmark loss :77.479649,L2 loss: 4.848264, Total Loss: 103.378033 ,lr:0.000010 
2022-02-28 03:54:45.989705 : Step: 19166/370000, accuracy: 1.000000, cls loss: 0.000594, bbox loss: 41.081654,Landmark loss :73.743129,L2 loss: 4.843668, Total Loss: 99.128217 ,lr:0.000010 
2022-02-28 03:55:49.320181 : Step: 21275/370000, accuracy: 1.000000, cls loss: 0.001071, bbox loss: 41.233642,Landmark loss :73.361054,L2 loss: 4.823793, Total Loss: 98.802739 ,lr:0.000010 
2022-02-28 03:55:59.394782 : Step: 21608/370000, accuracy: 1.000000, cls loss: 0.000331, bbox loss: 41.058349,Landmark loss :72.625399,L2 loss: 4.819854, Total Loss: 97.974759 ,lr:0.000010 
2022-02-28 03:56:26.120840 : Step: 22496/370000, accuracy: 1.000000, cls loss: 0.000572, bbox loss: 38.000063,Landmark loss :73.191979,L2 loss: 4.808885, Total Loss: 97.001467 ,lr:0.000010 
2022-02-28 03:56:46.238346 : Step: 23162/370000, accuracy: 1.000000, cls loss: 0.000228, bbox loss: 38.381003,Landmark loss :72.620954,L2 loss: 4.801909, Total Loss: 96.613592 ,lr:0.000010 
2022-02-28 03:56:52.977923 : Step: 23384/370000, accuracy: 1.000000, cls loss: 0.000327, bbox loss: 36.671435,Landmark loss :70.929948,L2 loss: 4.799952, Total Loss: 94.065945 ,lr:0.000010 
2022-02-28 03:57:15.238582 : Step: 24124/370000, accuracy: 1.000000, cls loss: 0.000220, bbox loss: 37.344913,Landmark loss :69.985268,L2 loss: 4.790188, Total Loss: 93.448132 ,lr:0.000010 
2022-02-28 03:58:01.960747 : Step: 25678/370000, accuracy: 1.000000, cls loss: 0.000414, bbox loss: 38.772653,Landmark loss :69.002084,L2 loss: 4.774668, Total Loss: 93.163492 ,lr:0.000010 
2022-02-28 03:58:37.705209 : Step: 26862/370000, accuracy: 1.000000, cls loss: 0.000427, bbox loss: 34.537916,Landmark loss :70.639074,L2 loss: 4.759976, Total Loss: 92.668435 ,lr:0.000010 
2022-02-28 03:58:42.215231 : Step: 27010/370000, accuracy: 1.000000, cls loss: 0.000378, bbox loss: 36.987732,Landmark loss :69.306261,L2 loss: 4.758232, Total Loss: 92.558737 ,lr:0.000010 
2022-02-28 03:58:43.395088 : Step: 27047/370000, accuracy: 1.000000, cls loss: 0.000659, bbox loss: 37.920011,Landmark loss :68.530940,L2 loss: 4.757710, Total Loss: 92.249314 ,lr:0.000010 
2022-02-28 03:58:46.768872 : Step: 27158/370000, accuracy: 1.000000, cls loss: 0.000211, bbox loss: 35.948116,Landmark loss :69.426484,L2 loss: 4.755398, Total Loss: 92.156151 ,lr:0.000010 
2022-02-28 03:58:47.945951 : Step: 27195/370000, accuracy: 1.000000, cls loss: 0.000632, bbox loss: 37.991404,Landmark loss :68.162421,L2 loss: 4.754524, Total Loss: 91.913280 ,lr:0.000010 
2022-02-28 03:58:50.266017 : Step: 27269/370000, accuracy: 1.000000, cls loss: 0.001283, bbox loss: 36.805748,Landmark loss :66.104983,L2 loss: 4.753024, Total Loss: 89.262164 ,lr:0.000010 
2022-02-28 03:59:16.989574 : Step: 28157/370000, accuracy: 1.000000, cls loss: 0.001840, bbox loss: 34.324966,Landmark loss :66.721899,L2 loss: 4.739683, Total Loss: 88.625905 ,lr:0.000010 
2022-02-28 03:59:28.145848 : Step: 28527/370000, accuracy: 1.000000, cls loss: 0.000258, bbox loss: 36.092046,Landmark loss :65.269862,L2 loss: 4.733919, Total Loss: 88.050061 ,lr:0.000010 
2022-02-28 03:59:38.254202 : Step: 28860/370000, accuracy: 1.000000, cls loss: 0.000348, bbox loss: 35.845869,Landmark loss :64.970014,L2 loss: 4.728100, Total Loss: 87.621397 ,lr:0.000010 
2022-02-28 04:00:38.219068 : Step: 30858/370000, accuracy: 1.000000, cls loss: 0.000624, bbox loss: 36.304127,Landmark loss :63.932360,L2 loss: 4.701234, Total Loss: 86.786281 ,lr:0.000010 
2022-02-28 04:01:08.108811 : Step: 31857/370000, accuracy: 1.000000, cls loss: 0.000867, bbox loss: 33.976677,Landmark loss :63.720051,L2 loss: 4.684010, Total Loss: 85.393266 ,lr:0.000010 
2022-02-28 04:01:23.643952 : Step: 32375/370000, accuracy: 1.000000, cls loss: 0.000311, bbox loss: 33.908835,Landmark loss :63.445483,L2 loss: 4.674755, Total Loss: 85.074966 ,lr:0.000010 
2022-02-28 04:02:05.972523 : Step: 33781/370000, accuracy: 0.999228, cls loss: 0.001245, bbox loss: 34.904463,Landmark loss :62.090713,L2 loss: 4.653361, Total Loss: 84.197551 ,lr:0.000010 
2022-02-28 04:02:14.884946 : Step: 34077/370000, accuracy: 1.000000, cls loss: 0.000569, bbox loss: 34.677857,Landmark loss :61.861160,L2 loss: 4.648219, Total Loss: 83.848877 ,lr:0.000010 
2022-02-28 04:02:40.576974 : Step: 34928/370000, accuracy: 1.000000, cls loss: 0.000803, bbox loss: 34.871533,Landmark loss :61.593718,L2 loss: 4.636612, Total Loss: 83.666899 ,lr:0.000010 
2022-02-28 04:03:10.531912 : Step: 35927/370000, accuracy: 1.000000, cls loss: 0.001575, bbox loss: 36.170169,Landmark loss :59.603419,L2 loss: 4.621069, Total Loss: 82.311148 ,lr:0.000010 
2022-02-28 04:03:48.487513 : Step: 37185/370000, accuracy: 1.000000, cls loss: 0.000592, bbox loss: 32.340627,Landmark loss :60.660665,L2 loss: 4.600565, Total Loss: 81.432136 ,lr:0.000009 
2022-02-28 04:04:13.097388 : Step: 37999/370000, accuracy: 0.998999, cls loss: 0.002093, bbox loss: 33.185792,Landmark loss :58.317847,L2 loss: 4.584872, Total Loss: 79.497708 ,lr:0.000009 
2022-02-28 04:04:52.035189 : Step: 39294/370000, accuracy: 1.000000, cls loss: 0.000253, bbox loss: 32.463581,Landmark loss :56.455316,L2 loss: 4.563853, Total Loss: 77.251213 ,lr:0.000009 
2022-02-28 04:05:59.680907 : Step: 41551/370000, accuracy: 1.000000, cls loss: 0.000524, bbox loss: 31.686705,Landmark loss :54.793865,L2 loss: 4.524861, Total Loss: 75.162603 ,lr:0.000009 
2022-02-28 04:08:09.528792 : Step: 45880/370000, accuracy: 1.000000, cls loss: 0.000625, bbox loss: 29.591521,Landmark loss :53.045509,L2 loss: 4.449603, Total Loss: 72.291497 ,lr:0.000009 
2022-02-28 04:11:36.709650 : Step: 52762/370000, accuracy: 0.999289, cls loss: 0.002498, bbox loss: 29.067456,Landmark loss :52.825154,L2 loss: 4.321878, Total Loss: 71.683258 ,lr:0.000009 
2022-02-28 04:11:50.064145 : Step: 53206/370000, accuracy: 1.000000, cls loss: 0.000630, bbox loss: 29.863339,Landmark loss :51.395149,L2 loss: 4.313721, Total Loss: 70.641169 ,lr:0.000009 
2022-02-28 04:13:54.502193 : Step: 57350/370000, accuracy: 1.000000, cls loss: 0.000350, bbox loss: 29.903685,Landmark loss :51.424804,L2 loss: 4.238340, Total Loss: 70.615336 ,lr:0.000009 
2022-02-28 04:14:57.814059 : Step: 59459/370000, accuracy: 0.999035, cls loss: 0.002768, bbox loss: 28.616457,Landmark loss :51.598865,L2 loss: 4.199943, Total Loss: 70.109804 ,lr:0.000009 
2022-02-28 04:17:59.349120 : Step: 65527/370000, accuracy: 1.000000, cls loss: 0.000597, bbox loss: 28.760183,Landmark loss :51.638399,L2 loss: 4.086064, Total Loss: 70.105152 ,lr:0.000009 
2022-02-28 04:18:11.673587 : Step: 65934/370000, accuracy: 1.000000, cls loss: 0.000486, bbox loss: 31.051025,Landmark loss :50.319519,L2 loss: 4.078837, Total Loss: 69.924354 ,lr:0.000009 
2022-02-28 04:18:42.837817 : Step: 66970/370000, accuracy: 1.000000, cls loss: 0.000823, bbox loss: 29.828979,Landmark loss :50.178792,L2 loss: 4.060418, Total Loss: 69.154523 ,lr:0.000009 
2022-02-28 04:18:52.902833 : Step: 67303/370000, accuracy: 1.000000, cls loss: 0.000591, bbox loss: 28.062930,Landmark loss :50.984088,L2 loss: 4.055533, Total Loss: 69.071677 ,lr:0.000009 
2022-02-28 04:19:10.649821 : Step: 67895/370000, accuracy: 1.000000, cls loss: 0.001972, bbox loss: 28.455625,Landmark loss :50.614886,L2 loss: 4.044709, Total Loss: 68.889380 ,lr:0.000009 
2022-02-28 04:19:14.076618 : Step: 68006/370000, accuracy: 0.998919, cls loss: 0.005926, bbox loss: 28.727228,Landmark loss :48.275320,L2 loss: 4.043394, Total Loss: 66.688254 ,lr:0.000009 
2022-02-28 04:20:42.576621 : Step: 70966/370000, accuracy: 1.000000, cls loss: 0.001252, bbox loss: 26.326999,Landmark loss :49.252798,L2 loss: 3.991378, Total Loss: 66.408927 ,lr:0.000009 
2022-02-28 04:20:57.166140 : Step: 71447/370000, accuracy: 0.999099, cls loss: 0.002311, bbox loss: 27.784030,Landmark loss :47.819868,L2 loss: 3.983975, Total Loss: 65.698170 ,lr:0.000009 
2022-02-28 04:22:47.978815 : Step: 75147/370000, accuracy: 1.000000, cls loss: 0.000802, bbox loss: 27.792236,Landmark loss :47.204205,L2 loss: 3.920615, Total Loss: 65.021740 ,lr:0.000008 
2022-02-28 04:23:16.773005 : Step: 76109/370000, accuracy: 1.000000, cls loss: 0.000618, bbox loss: 30.261903,Landmark loss :45.484621,L2 loss: 3.906963, Total Loss: 64.523155 ,lr:0.000008 
2022-02-28 04:24:40.023004 : Step: 78884/370000, accuracy: 1.000000, cls loss: 0.000921, bbox loss: 27.507469,Landmark loss :46.571850,L2 loss: 3.863536, Total Loss: 64.190041 ,lr:0.000008 
2022-02-28 04:25:38.875242 : Step: 80845/370000, accuracy: 1.000000, cls loss: 0.000590, bbox loss: 28.661378,Landmark loss :45.562229,L2 loss: 3.831117, Total Loss: 63.724625 ,lr:0.000008 
2022-02-28 04:28:41.775942 : Step: 86950/370000, accuracy: 1.000000, cls loss: 0.001398, bbox loss: 28.347452,Landmark loss :45.061587,L2 loss: 3.742681, Total Loss: 62.979392 ,lr:0.000008 
2022-02-28 04:29:35.001618 : Step: 88726/370000, accuracy: 1.000000, cls loss: 0.000219, bbox loss: 25.983703,Landmark loss :45.556861,L2 loss: 3.715340, Total Loss: 62.264272 ,lr:0.000008 
2022-02-28 04:30:07.148338 : Step: 89799/370000, accuracy: 1.000000, cls loss: 0.000647, bbox loss: 27.450537,Landmark loss :43.000835,L2 loss: 3.699509, Total Loss: 60.426260 ,lr:0.000008 
2022-02-28 04:34:15.075347 : Step: 98087/370000, accuracy: 1.000000, cls loss: 0.000230, bbox loss: 27.418243,Landmark loss :42.556109,L2 loss: 3.576045, Total Loss: 59.841505 ,lr:0.000008 
2022-02-28 04:37:45.454984 : Step: 105080/370000, accuracy: 1.000000, cls loss: 0.000199, bbox loss: 25.803565,Landmark loss :43.358129,L2 loss: 3.476741, Total Loss: 59.736851 ,lr:0.000008 
2022-02-28 04:39:33.067575 : Step: 108669/370000, accuracy: 1.000000, cls loss: 0.000359, bbox loss: 26.385330,Landmark loss :42.767326,L2 loss: 3.428630, Total Loss: 59.388980 ,lr:0.000008 
2022-02-28 04:41:25.126827 : Step: 112406/370000, accuracy: 1.000000, cls loss: 0.000267, bbox loss: 24.084447,Landmark loss :43.931355,L2 loss: 3.379246, Total Loss: 59.353092 ,lr:0.000007 
2022-02-28 04:41:58.429609 : Step: 113516/370000, accuracy: 0.999035, cls loss: 0.001559, bbox loss: 26.606299,Landmark loss :42.640549,L2 loss: 3.367220, Total Loss: 59.312477 ,lr:0.000007 
2022-02-28 04:43:20.573591 : Step: 116254/370000, accuracy: 1.000000, cls loss: 0.000780, bbox loss: 24.919612,Landmark loss :43.242536,L2 loss: 3.331390, Total Loss: 59.034512 ,lr:0.000007 
2022-02-28 04:43:22.850865 : Step: 116328/370000, accuracy: 1.000000, cls loss: 0.000182, bbox loss: 26.268285,Landmark loss :42.049150,L2 loss: 3.331324, Total Loss: 58.514799 ,lr:0.000007 
2022-02-28 04:44:29.522368 : Step: 118548/370000, accuracy: 1.000000, cls loss: 0.000457, bbox loss: 25.012535,Landmark loss :42.392866,L2 loss: 3.305021, Total Loss: 58.204611 ,lr:0.000007 
2022-02-28 04:45:26.128322 : Step: 120435/370000, accuracy: 1.000000, cls loss: 0.000486, bbox loss: 25.027521,Landmark loss :42.192460,L2 loss: 3.284725, Total Loss: 57.991431 ,lr:0.000007 
2022-02-28 04:47:02.788587 : Step: 123654/370000, accuracy: 1.000000, cls loss: 0.000292, bbox loss: 24.108314,Landmark loss :41.312504,L2 loss: 3.247327, Total Loss: 56.614280 ,lr:0.000007 
2022-02-28 04:49:49.728611 : Step: 129204/370000, accuracy: 1.000000, cls loss: 0.000661, bbox loss: 24.833030,Landmark loss :40.206826,L2 loss: 3.184022, Total Loss: 55.808024 ,lr:0.000007 
2022-02-28 04:59:13.318391 : Step: 148000/370000, accuracy: 1.000000, cls loss: 0.000825, bbox loss: 25.176086,Landmark loss :39.977459,L2 loss: 2.989006, Total Loss: 55.555333 ,lr:0.000007 
2022-02-28 05:01:04.095993 : Step: 151700/370000, accuracy: 1.000000, cls loss: 0.000507, bbox loss: 23.229536,Landmark loss :40.675832,L2 loss: 2.955103, Total Loss: 55.246210 ,lr:0.000006 
2022-02-28 05:03:38.507165 : Step: 156843/370000, accuracy: 1.000000, cls loss: 0.000255, bbox loss: 25.727040,Landmark loss :38.462454,L2 loss: 2.909287, Total Loss: 54.235516 ,lr:0.000006 
2022-02-28 05:04:52.934211 : Step: 159322/370000, accuracy: 1.000000, cls loss: 0.000247, bbox loss: 25.319613,Landmark loss :38.246123,L2 loss: 2.890906, Total Loss: 53.797083 ,lr:0.000006 
2022-02-28 05:07:46.210301 : Step: 165094/370000, accuracy: 1.000000, cls loss: 0.000475, bbox loss: 24.679721,Landmark loss :38.475672,L2 loss: 2.843762, Total Loss: 53.659769 ,lr:0.000006 
2022-02-28 05:08:49.444963 : Step: 167203/370000, accuracy: 1.000000, cls loss: 0.000240, bbox loss: 23.732336,Landmark loss :38.661322,L2 loss: 2.826010, Total Loss: 53.353739 ,lr:0.000006 
2022-02-28 05:09:49.088730 : Step: 169164/370000, accuracy: 1.000000, cls loss: 0.000172, bbox loss: 23.468398,Landmark loss :38.761228,L2 loss: 2.809641, Total Loss: 53.305240 ,lr:0.000006 
2022-02-28 05:11:02.389639 : Step: 171606/370000, accuracy: 1.000000, cls loss: 0.000323, bbox loss: 24.514557,Landmark loss :37.853081,L2 loss: 2.790562, Total Loss: 52.901246 ,lr:0.000006 
2022-02-28 05:13:22.293518 : Step: 176268/370000, accuracy: 1.000000, cls loss: 0.000289, bbox loss: 24.269725,Landmark loss :37.364669,L2 loss: 2.756645, Total Loss: 52.256466 ,lr:0.000006 
2022-02-28 05:16:32.867622 : Step: 182632/370000, accuracy: 1.000000, cls loss: 0.000163, bbox loss: 22.921895,Landmark loss :37.879657,L2 loss: 2.707115, Total Loss: 52.047884 ,lr:0.000006 
2022-02-28 05:18:20.291540 : Step: 186221/370000, accuracy: 1.000000, cls loss: 0.000288, bbox loss: 23.592896,Landmark loss :37.561379,L2 loss: 2.683590, Total Loss: 52.041705 ,lr:0.000005 
2022-02-28 05:18:30.385696 : Step: 186554/370000, accuracy: 1.000000, cls loss: 0.000795, bbox loss: 25.111960,Landmark loss :35.969685,L2 loss: 2.682006, Total Loss: 51.208466 ,lr:0.000005 
2022-02-28 05:20:25.401036 : Step: 190402/370000, accuracy: 1.000000, cls loss: 0.000205, bbox loss: 23.708892,Landmark loss :35.457897,L2 loss: 2.657153, Total Loss: 49.969701 ,lr:0.000005 
2022-02-28 05:31:40.037181 : Step: 212824/370000, accuracy: 1.000000, cls loss: 0.000612, bbox loss: 23.526708,Landmark loss :35.384743,L2 loss: 2.525950, Total Loss: 49.674658 ,lr:0.000005 
2022-02-28 05:37:22.175624 : Step: 224220/370000, accuracy: 1.000000, cls loss: 0.000365, bbox loss: 22.675506,Landmark loss :35.653681,L2 loss: 2.464191, Total Loss: 49.455990 ,lr:0.000005 
2022-02-28 05:40:08.681996 : Step: 229770/370000, accuracy: 1.000000, cls loss: 0.000331, bbox loss: 22.883191,Landmark loss :35.508465,L2 loss: 2.437962, Total Loss: 49.388353 ,lr:0.000005 
2022-02-28 05:40:51.966075 : Step: 231213/370000, accuracy: 1.000000, cls loss: 0.000541, bbox loss: 22.515132,Landmark loss :35.175507,L2 loss: 2.432428, Total Loss: 48.866042 ,lr:0.000005 
2022-02-28 05:44:24.553355 : Step: 238317/370000, accuracy: 1.000000, cls loss: 0.000518, bbox loss: 22.892789,Landmark loss :34.237311,L2 loss: 2.400722, Total Loss: 48.084946 ,lr:0.000005 
2022-02-28 05:47:33.537953 : Step: 244644/370000, accuracy: 1.000000, cls loss: 0.000241, bbox loss: 23.816836,Landmark loss :33.229034,L2 loss: 2.376112, Total Loss: 47.513805 ,lr:0.000005 
2022-02-28 05:50:54.230855 : Step: 251267/370000, accuracy: 1.000000, cls loss: 0.000401, bbox loss: 22.279742,Landmark loss :33.820822,L2 loss: 2.348634, Total Loss: 47.309728 ,lr:0.000005 
2022-02-28 05:51:15.606536 : Step: 251970/370000, accuracy: 1.000000, cls loss: 0.000451, bbox loss: 23.208536,Landmark loss :32.892919,L2 loss: 2.344448, Total Loss: 46.842086 ,lr:0.000005 
2022-02-28 05:51:41.457209 : Step: 252821/370000, accuracy: 1.000000, cls loss: 0.000376, bbox loss: 21.896143,Landmark loss :32.995400,L2 loss: 2.340499, Total Loss: 46.284346 ,lr:0.000005 
2022-02-28 05:56:30.825424 : Step: 262367/370000, accuracy: 1.000000, cls loss: 0.000299, bbox loss: 21.768685,Landmark loss :33.063814,L2 loss: 2.306594, Total Loss: 46.255050 ,lr:0.000004 
2022-02-28 06:07:34.994877 : Step: 284271/370000, accuracy: 1.000000, cls loss: 0.000146, bbox loss: 23.726036,Landmark loss :32.109901,L2 loss: 2.238748, Total Loss: 46.211814 ,lr:0.000004 
2022-02-28 06:09:03.625166 : Step: 287194/370000, accuracy: 1.000000, cls loss: 0.000394, bbox loss: 19.493770,Landmark loss :31.215305,L2 loss: 2.230443, Total Loss: 43.193026 ,lr:0.000004 